Viviana,Kubis,vkubis1@godaddy.com,FEMALE,401-965-3153,08/09/1974
Ode,Spurway,ospurway2@blogspot.com,MALE,459-338-6205,25/12/2004
Rubina,Wickes,rwickes3@yolasite.com,FEMALE,139-995-7375,17/02/2000
Joshuah,Boylan,jboylan4@goo.ne.jp,MALE,143-860-2757,23/07/2009
Deborah,Plunket,dplunket5@theguardian.com,FEMALE,867-238-5987,12/05/1979
Blaire,Wortman,bwortman0@seesaa.net,FEMALE,118-193-2212,18/10/1993
Stefanie,Paintain,spaintain6@bloomberg.com,FEMALE,521-801-0797,26/03/1996
Jud,Gyves,jgyvesm@people.com.cn,MALE,767-112-1426,16/01/1977
Scarlet,Petican,speticann@yellowpages.com,FEMALE,,29/07/1975
Tymon,Bogays,tbogayso@arizona.edu,MALE,684-359-4487,15/11/1992
Daphna,Campana,dcampanap@sfgate.com,FEMALE,332-817-4752,24/08/1963
Jocelyn,Toolan,jtoolanq@ask.com,FEMALE,,16/02/1961
Marylynne,Kinnerk,mkinnerkr@blog.com,FEMALE,370-476-1469,01/09/1969
Sid,Yannoni,syannonis@netvibes.com,MALE,774-131-8265,06/04/1960
Tye,Roskam,troskamt@soup.io,MALE,576-907-7708,10/04/1986
Bancroft,Darnbrough,bdarnbroughu@state.tx.us,MALE,344-715-8713,11/01/2010
Teresita,Shakesbye,tshakesbyev@archive.org,FEMALE,821-380-6057,28/04/1989
Merv,Kynett,mkynettw@aboutads.info,MALE,,11/06/1982
Fanechka,Swinfen,fswinfenx@diigo.com,FEMALE,528-589-0698,03/05/2005
Lorilee,Fettis,lfettisy@people.com.cn,FEMALE,103-344-6725,26/03/1998
Shantee,Barney,sbarneyz@scribd.com,FEMALE,381-623-9232,09/12/1993
Adler,Rolf,arolf10@sun.com,MALE,923-305-4219,02/05/1976
Artie,Leyrroyd,aleyrroydb@weibo.com,MALE,,14/11/1974
Agnes,Anderton,aandertonc@ft.com,FEMALE,452-162-4917,20/01/1970
Aprilette,Colin,acolind@people.com.cn,FEMALE,361-218-9988,06/06/1990
Kris,Hurst,khurst11@webmd.com,MALE,142-427-2900,11/06/1974
Fiann,Dearn,fdearn12@usatoday.com,FEMALE,303-240-6827,10/12/1999
Aida,Shuter,ashuter7@pagesperso-orange.fr,FEMALE,883-509-7694,31/12/2005
Burt,Martinuzzi,bmartinuzzi8@patch.com,MALE,,05/08/1994
Georgie,Conkling,gconkling9@last.fm,FEMALE,356-678-3152,26/05/1991
Cloris,Trenouth,ctrenoutha@apache.org,FEMALE,,03/01/1975
Cecile,Gillon,cgillone@mayoclinic.com,FEMALE,155-828-7712,25/03/1984
Hussein,MacGhee,hmacgheef@bluehost.com,MALE,146-503-0739,20/01/1997
Jeniece,Ismay,jismayg@mail.ru,FEMALE,374-132-9100,04/02/2004
Raymund,Sayce,rsayceh@chron.com,MALE,302-840-9581,06/06/1976
Linea,Gaunson,lgaunsoni@symantec.com,FEMALE,683-481-9531,14/11/1999
Arly,Stanistrete,astanistretej@marriott.com,FEMALE,948-937-0247,21/03/2005
Jerrine,Ivanets,jivanets18@wikia.com,FEMALE,100-631-5206,15/07/1998
Sheilah,Rozsa,srozsa19@so-net.ne.jp,FEMALE,,26/09/1962
Frasquito,Gawith,fgawith1a@ca.gov,MALE,702-896-0606,11/05/1963
Anne,Martinek,amartinek1b@pagesperso-orange.fr,FEMALE,181-301-2465,23/09/1961
Araldo,Lovick,alovick1c@slideshare.net,MALE,,12/02/1970
Gloria,Scotchmer,gscotchmer1d@netscape.com,FEMALE,,18/10/1964
Rolland,Moylane,rmoylanek@xinhuanet.com,MALE,953-267-2218,30/06/1993
Isador,Riddeough,iriddeoughl@howstuffworks.com,MALE,697-983-8353,09/02/1962
Cristobal,Saddler,csaddler13@ihg.com,MALE,256-456-6761,24/08/1974
Rudolf,Trewhela,rtrewhela14@rambler.ru,MALE,115-586-1267,30/11/1983
Bertie,Merrywether,bmerrywether15@fda.gov,FEMALE,182-672-8118,09/08/1971
Brunhilde,Garrique,bgarrique16@ted.com,FEMALE,787-581-1000,06/03/1971
Pierce,Plaice,pplaice17@yandex.ru,MALE,269-921-3005,18/11/1969
Neddie,Powner,npowner1e@cnn.com,MALE,511-692-0553,20/11/1986
Bethina,Haquin,bhaquin1k@topsy.com,FEMALE,632-178-6430,09/04/1963
Honoria,Plessing,hplessing1l@hc360.com,FEMALE,,05/06/2004
Eliza,Daveran,edaveran1m@ft.com,FEMALE,712-444-6824,17/07/1981
Megan,Merrgan,mmerrgan1n@exblog.jp,FEMALE,,15/09/2009
Brandice,Verson,bverson21@baidu.com,FEMALE,961-643-9455,06/06/1996
Marcile,Tradewell,mtradewell22@upenn.edu,FEMALE,,04/09/1963
Teresa,Dewitt,tdewitt23@blog.com,FEMALE,834-762-4838,22/12/1994
Neddy,Stedson,nstedson24@canalblog.com,MALE,,11/04/1995
Peder,Lippi,plippi2v@so-net.ne.jp,MALE,447-210-4924,06/01/1990
Noell,Shrubb,nshrubb2w@google.ru,FEMALE,,20/07/1979
Julio,McPeake,jmcpeake2x@github.com,MALE,,21/07/1983
Deborah,Smallthwaite,dsmallthwaite2y@baidu.com,FEMALE,,04/11/1980
Adiana,Verni,averni2z@yelp.com,FEMALE,317-167-8946,01/07/1975
Van,Bownas,vbownas30@alexa.com,MALE,152-674-7628,28/10/1975
Raphaela,Van Haeften,rvanhaeften31@ted.com,FEMALE,,09/01/1999
Yvonne,Landrick,ylandrick32@yellowpages.com,FEMALE,303-110-5200,26/11/1974
Odell,Pickrill,opickrill1o@themeforest.net,MALE,490-831-9005,27/11/1970
Jule,Whellams,jwhellams1p@google.com,MALE,407-659-0239,05/01/2004
Hewie,Petrelli,hpetrelli1q@wikispaces.com,MALE,,16/12/1979
Lilli,Newman,lnewman1f@sphinn.com,FEMALE,603-939-6549,06/01/1966
Eal,Winram,ewinram1g@wikimedia.org,MALE,393-548-4504,01/04/1970
Jeannette,Sewell,jsewell1h@tamu.edu,FEMALE,,05/08/1996
Rodger,Goneau,rgoneau1i@unc.edu,MALE,256-750-9781,01/02/1970
Stuart,Beddin,sbeddin1j@youtube.com,MALE,,16/03/1964
Leonore,Otter,lotter1r@cocolog-nifty.com,FEMALE,298-997-5350,30/10/1986
Kevyn,Lapwood,klapwood1s@msu.edu,FEMALE,,13/05/1990
Jennette,Allott,jallott1t@homestead.com,FEMALE,798-365-4321,21/07/1977
Kathlin,Slator,kslator1u@samsung.com,FEMALE,439-941-0082,19/04/1995
Lynnell,Taber,ltaber1v@typepad.com,FEMALE,312-321-5888,09/01/1991
Jerrold,Geany,jgeany1w@washington.edu,MALE,494-832-6276,30/09/2003
Rebecka,Teers,rteers1x@addthis.com,FEMALE,120-277-7996,22/02/1970
Sebastian,Flannery,sflannery1y@indiatimes.com,MALE,821-247-0557,15/06/2002
Delmor,Garforth,dgarforth1z@shareasale.com,MALE,520-451-0105,02/04/1960
Logan,MacDowall,lmacdowall20@disqus.com,MALE,,09/03/1989
Licha,Albers,lalbers27@plala.or.jp,FEMALE,,27/03/1967
Constantin,Tanton,ctanton28@mozilla.org,MALE,578-422-4246,17/10/1966
Aubrey,McGoogan,amcgoogan29@twitpic.com,FEMALE,,10/11/2007
Cob,Gilman,cgilman2a@icq.com,MALE,579-444-7569,27/10/1964
Hettie,Warhurst,hwarhurst2b@arstechnica.com,FEMALE,,11/06/1973
Willis,Evitt,wevitt33@archive.org,MALE,188-221-3771,16/12/1983
Julius,Kingdom,jkingdom34@cpanel.net,MALE,349-284-9352,12/03/2004
Pen,Hellmore,phellmore25@sohu.com,MALE,997-495-2668,13/06/1982
Rourke,Murra,rmurra26@google.co.uk,MALE,269-709-2740,22/09/1999
Elton,Maddinon,emaddinon2c@icio.us,MALE,229-598-9641,27/08/1979
Malinde,Antrum,mantrum2d@go.com,FEMALE,,16/08/1968
Moore,Raggett,mraggett2e@huffingtonpost.com,MALE,968-931-7751,28/02/1970
Kathleen,Martinie,kmartinie2f@typepad.com,FEMALE,483-115-8518,06/04/2005
Gerhardine,Girke,ggirke2g@usa.gov,FEMALE,103-593-4312,03/07/1981
Panchito,Thickins,pthickins2h@ucoz.ru,MALE,,23/08/2005
Libbi,Varian,lvarian2i@npr.org,FEMALE,,09/05/2004
Dulcine,Pressnell,dpressnell2j@pinterest.com,FEMALE,,02/09/1970
Kalina,Hannah,khannah2k@theglobeandmail.com,FEMALE,861-795-5012,15/10/1970
Menard,Ringe,mringe2l@rediff.com,MALE,948-217-9395,20/06/2003
Sammy,Roll,sroll2m@bandcamp.com,FEMALE,,08/12/1985
Faun,Liddyard,fliddyard2n@sohu.com,FEMALE,232-504-0597,25/01/1966
Teresita,Suttell,tsuttell2o@nydailynews.com,FEMALE,669-377-6030,28/10/2003
Tabbatha,Branston,tbranston2p@geocities.com,FEMALE,448-700-8344,21/09/1980
Eduard,Gorges,egorges2q@prnewswire.com,MALE,,05/12/1980
Rowena,Tosh,rtosh2r@xrea.com,FEMALE,944-832-4390,27/06/1998
Kameko,Sneezum,ksneezum2s@soup.io,FEMALE,670-510-3567,02/06/1982
Dedie,Limbourne,dlimbourne2t@businesswire.com,FEMALE,,03/05/2006
Rheba,Arnowicz,rarnowicz2u@noaa.gov,FEMALE,,04/10/2002
Marilee,Putten,mputten35@epa.gov,FEMALE,,02/11/1965
Saxon,Froome,sfroome36@altervista.org,MALE,224-868-4078,27/11/2000
Mariette,Leas,mleas37@utexas.edu,FEMALE,272-690-3390,18/03/2003
Ashley,Gilardengo,agilardengo3c@hhs.gov,MALE,216-824-4285,23/04/2005
Cathleen,Sarney,csarney3d@paginegialle.it,FEMALE,173-174-7369,03/11/2003
Elvis,Kilsby,ekilsby3e@redcross.org,MALE,354-144-6589,25/08/1968
Laurette,Valadez,lvaladez3f@1688.com,FEMALE,198-240-7222,29/07/1975
Erda,Kirman,ekirman3g@sina.com.cn,FEMALE,272-470-1901,18/11/1987
Hendrick,Cases,hcases3h@fotki.com,MALE,909-406-3782,30/11/1983
Chic,Tatchell,ctatchell3i@ameblo.jp,MALE,,10/06/2004
Lissie,Fassam,lfassam3j@wp.com,FEMALE,907-729-8066,08/04/2004
Petey,Kubicka,pkubicka3k@gizmodo.com,MALE,100-331-9396,03/12/1987
Zea,Natte,znatte3l@odnoklassniki.ru,FEMALE,878-564-7610,17/03/1997
Gay,Ruoss,gruoss3m@samsung.com,MALE,643-851-0926,26/02/1981
Heall,Prose,hprose3n@desdev.cn,MALE,,27/12/1970
Nessa,Martin,nmartin3o@cnn.com,FEMALE,,17/04/1965
Randie,Summerson,rsummerson3p@tinypic.com,MALE,226-981-5620,12/09/1994
Blayne,Tomasutti,btomasutti3q@biblegateway.com,MALE,,19/07/1976
Tiphani,Ayrton,tayrton3r@elegantthemes.com,FEMALE,336-783-0836,15/02/2004
Florenza,Yesenin,fyesenin3s@opera.com,FEMALE,790-266-8579,09/10/2007
Liliane,Hannent,lhannent3b@purevolume.com,FEMALE,934-724-6066,10/12/2006
Pincas,Binney,pbinney42@walmart.com,MALE,524-152-1736,31/07/1997
Humfrey,Warsap,hwarsap43@etsy.com,MALE,,15/09/1994
Romona,Ivashov,rivashov44@npr.org,FEMALE,,05/04/1980
Darrick,MacLese,dmaclese45@ed.gov,MALE,403-227-5428,31/08/1998
Neely,Alejo,nalejo3t@fc2.com,FEMALE,969-427-9743,19/07/1983
Iosep,Swatten,iswatten3u@auda.org.au,MALE,481-164-0433,16/05/1966
Silas,Furness,sfurness38@artisteer.com,MALE,197-403-3271,12/09/2001
Dalenna,Fairfoul,dfairfoul39@ycombinator.com,FEMALE,683-607-8084,04/04/2003
Woodrow,Durkin,wdurkin3a@addtoany.com,MALE,467-540-9835,17/05/1997
Al,Stoneley,astoneley46@shop-pro.jp,MALE,,19/12/1989
Olivier,Cudbird,ocudbird47@ovh.net,MALE,556-175-4755,06/11/1965
Abbott,Innocenti,ainnocenti3v@sciencedaily.com,MALE,882-195-3236,14/12/1966
Nealson,MacGiffin,nmacgiffin3w@cdc.gov,MALE,165-201-0344,02/12/2001
Heindrick,Kleinstern,hkleinstern3x@boston.com,MALE,432-700-1832,29/05/1997
Elna,Purple,epurple3y@mozilla.org,FEMALE,,04/12/1990
Zollie,Jovovic,zjovovic3z@nytimes.com,MALE,585-258-6240,29/09/1999
Sal,Bew,sbew40@twitpic.com,FEMALE,,14/07/1998
Dolly,Chanter,dchanter41@washingtonpost.com,FEMALE,307-731-0095,04/01/1963
Jada,Shimwall,jshimwall48@linkedin.com,FEMALE,101-863-5794,26/02/1964
Gustaf,Stevenson,gstevenson49@addtoany.com,MALE,,02/07/1983
Lynnette,Birtles,lbirtles4a@theglobeandmail.com,FEMALE,,06/12/1987
Deborah,Mulrean,dmulrean4b@bloglines.com,FEMALE,,07/03/1986
Cherianne,MacGaughey,cmacgaughey4c@goo.ne.jp,FEMALE,,22/03/1980
Alayne,Swallow,aswallow4d@statcounter.com,FEMALE,859-128-1483,06/05/1989
Abby,Mustin,amustin4e@uiuc.edu,MALE,,01/01/1965
Jeremie,Pacquet,jpacquet4f@spiegel.de,MALE,,02/12/1993
Perl,O'Donovan,podonovan4g@europa.eu,FEMALE,,28/09/1962
Suzette,Iacomettii,siacomettii4h@stumbleupon.com,FEMALE,601-830-9166,28/12/2009
Armando,Gifford,agifford4i@ebay.co.uk,MALE,206-300-5475,25/05/1989
Jeremiah,Boreland,jboreland4j@bloomberg.com,MALE,554-690-0046,21/05/1971
Dell,Boscott,dboscott4k@fotki.com,FEMALE,347-648-7565,09/04/2004
Alden,Burford,aburford4l@angelfire.com,MALE,787-380-6726,03/03/1987
Willard,Hencke,whencke4m@oakley.com,MALE,946-965-2608,20/03/1971
Isadore,Parkes,iparkes4n@toplist.cz,MALE,319-646-5866,11/02/1984
Trixie,Cossum,tcossum4o@dot.gov,FEMALE,,25/12/1963
Jeremy,Attiwill,jattiwill4p@huffingtonpost.com,MALE,,12/11/1976
Darice,Ather,dather4q@istockphoto.com,FEMALE,620-847-3880,22/11/1978
Dorelle,Filan,dfilan4r@bloglovin.com,FEMALE,510-268-5904,25/01/1971
Brinn,Bramble,bbramble4s@mit.edu,FEMALE,,26/06/2005
Laird,Penelli,lpenelli4t@sciencedirect.com,MALE,373-116-9480,18/10/1992
Rog,Cullum,rcullum4u@columbia.edu,MALE,517-105-8384,15/12/1960
Jenilee,Bunnell,jbunnell4v@blogspot.com,FEMALE,,24/02/1997
Eal,Bridgwater,ebridgwater4w@angelfire.com,MALE,804-454-2896,28/01/1974
Cristobal,Worland,cworland4x@earthlink.net,MALE,457-448-2459,10/08/2000
Kinna,Henner,khenner4y@techcrunch.com,FEMALE,533-397-4729,08/03/2002
Jami,Heeps,jheeps4z@census.gov,FEMALE,,14/04/2009
Jameson,Helks,jhelks50@indiatimes.com,MALE,446-464-3118,10/09/1985
Brose,Crocetti,bcrocetti51@reddit.com,MALE,203-758-8998,28/04/1960
Moe,Crust,mcrust52@hibu.com,MALE,637-652-3263,11/03/1987
Anstice,Peron,aperon53@cafepress.com,FEMALE,624-200-6992,04/02/1978
Jerome,Avramovsky,javramovsky54@drupal.org,MALE,476-227-2006,13/08/1998
Maggi,Merlin,mmerlin55@usa.gov,FEMALE,313-615-4921,25/10/1980
Zondra,Tongs,ztongs56@icq.com,FEMALE,634-341-8082,17/06/1966
Ari,Barreau,abarreau57@goo.ne.jp,MALE,634-679-1665,02/03/1976
Dill,McAusland,dmcausland58@printfriendly.com,MALE,754-657-0687,03/01/2003
Puff,Ickovic,pickovic59@webnode.com,MALE,347-179-4995,04/04/1963
Evanne,Poplee,epoplee5a@webeden.co.uk,FEMALE,432-780-8594,22/06/2001
Alair,Cromer,acromer5b@indiegogo.com,MALE,639-306-6320,20/05/1981
Edeline,Cammis,ecammis5c@skype.com,FEMALE,259-615-6280,25/07/1962
Mason,Fernandes,mfernandes5d@biglobe.ne.jp,MALE,426-506-7930,12/11/1985
Averell,Conley,aconley5e@japanpost.jp,MALE,,13/07/1961
Quint,Elderbrant,qelderbrant5f@netlog.com,MALE,,02/04/1979
Willem,Ranklin,wranklin5g@dmoz.org,MALE,537-895-1186,07/04/1962
Florina,McTerrelly,fmcterrelly5h@mapquest.com,FEMALE,,29/06/1963
Verna,Duplan,vduplan5i@surveymonkey.com,FEMALE,170-230-3025,28/01/1999
Fancie,St Ange,fstange5j@moonfruit.com,FEMALE,,12/12/2007
Titos,Beet,tbeet5k@issuu.com,MALE,829-136-3425,10/02/1961
Lancelot,David,ldavid5l@psu.edu,MALE,894-679-4699,19/03/1966
Northrup,MacElholm,nmacelholm5m@stumbleupon.com,MALE,,25/03/1960
Natalya,Tussaine,ntussaine5n@cbslocal.com,FEMALE,843-459-0135,16/08/1970
Jazmin,Tuerena,jtuerena5o@zdnet.com,FEMALE,654-964-4643,10/01/1988
Aldo,Le Marchant,alemarchant5p@fda.gov,MALE,558-350-3492,06/05/1981
Florella,Heazel,fheazel5q@geocities.com,FEMALE,,13/01/1969
Adams,Etock,aetock5r@virginia.edu,MALE,418-872-3471,11/01/2000
Morissa,Bramsen,mbramsen5s@usda.gov,FEMALE,798-348-6038,12/09/1965
Rosaleen,O'Lunny,rolunny5t@miibeian.gov.cn,FEMALE,748-838-5804,08/07/2009
Fara,Hasell,fhasell5u@multiply.com,FEMALE,352-409-3560,03/05/1960
Dud,Dell,ddell5v@sina.com.cn,MALE,822-923-1321,22/04/1970
Michell,Laxen,mlaxen5w@scientificamerican.com,FEMALE,,19/07/2004
Sayer,Easterfield,seasterfield5x@ucoz.com,MALE,656-854-3104,25/01/2006
Clarey,Skitteral,cskitteral5y@ebay.com,FEMALE,475-395-4405,05/05/1968
Shep,Notton,snotton5z@earthlink.net,MALE,775-498-4020,19/09/1992
Feliks,Knappen,fknappen60@artisteer.com,MALE,396-777-3387,26/01/1978
Thomasin,Jowett,tjowett61@virginia.edu,FEMALE,627-344-0321,01/02/1990
Hansiain,Yanin,hyanin62@myspace.com,MALE,585-338-6351,03/06/1982
Xena,Barajaz,xbarajaz63@ucoz.com,FEMALE,383-392-6712,24/12/2006
Sonnnie,Coolican,scoolican64@craigslist.org,FEMALE,,05/08/1998
Renie,Freezor,rfreezor65@dion.ne.jp,FEMALE,204-943-8829,25/02/2009
Jinny,Vernazza,jvernazza66@ucla.edu,FEMALE,,19/05/1963
Eben,Bentson,ebentson67$sourceforge.net,MALE,453-624-1520,01/01/1985
Marylee,Darlington,mdarlington68$a8.net,FEMALE,392-949-4665,25/08/2007
Ive,MacBarron,imacbarron69$amazonaws.com,MALE,983-512-0118,23/10/1991
Lyndy,Cino,lcino6a$state.gov,FEMALE,847-991-0244,13/06/2004
Sari,Meineken,smeineken6b$php.net,FEMALE,,16/02/1996
Annelise,Rowley,arowley6c$shareasale.com,FEMALE,,23/05/1986
Giacopo,Rubinsky,grubinsky6d$ca.gov,MALE,249-645-5284,11/03/2007
Inger,Rushmer,irushmer6e$fc2.com,FEMALE,759-200-0557,14/10/1967
Carin,Coronado,ccoronado6f$cyberchimps.com,FEMALE,,25/06/1997
Shelby,Kwiek,skwiek6g@gov.uk,MALE,507-808-9828,21/02/2002
Parke,Wiper,pwiper6h@comcast.net,MALE,694-173-8464,12/08/1961
Janaye,Stentiford,jstentiford6i@nps.gov,FEMALE,650-123-8257,11/05/1971
Brett,Sibbering,bsibbering6j@photobucket.com,MALE,727-265-8223,01/07/1968
Kalindi,Sansam,ksansam6k@tinypic.com,FEMALE,759-452-8183,04/04/1988
Erv,Dowsey,edowsey6l@cbsnews.com,MALE,397-274-2968,31/10/1969
Monroe,Snasel,msnasel6m@hao123.com,MALE,,26/05/1971
Kristal,Kenzie,kkenzie6n@webmd.com,FEMALE,741-194-7819,24/10/1978
Augustine,Kelston,akelston6o@hhs.gov,FEMALE,314-657-7758,14/07/2006
Koren,Fiddymont,kfiddymont6p@plala.or.jp,FEMALE,,25/05/2000
Nance,Coronas,ncoronas6q@shop-pro.jp,FEMALE,432-580-1327,16/01/1979
Christoffer,Sunnucks,csunnucks6r@taobao.com,MALE,966-996-5127,18/07/1986
Mavis,Dot,mdot6s@mediafire.com,FEMALE,992-385-2789,06/08/2002
Skye,Lawrey,slawrey6t@pinterest.com,MALE,,09/10/1980
Dionne,Menhenitt,dmenhenitt6u@geocities.com,FEMALE,941-574-8737,03/10/1999
Westbrooke,Ginn,wginn6v@list-manage.com,MALE,,14/08/1968
Mollee,Frissell,mfrissell6w@i2i.jp,FEMALE,133-241-7851,10/04/1994
Corrianne,Brehat,cbrehat6x@huffingtonpost.com,FEMALE,,08/06/1964
Gloriane,Joslyn,gjoslyn6y@istockphoto.com,FEMALE,,07/04/1996
Cornie,Rawe,crawe6z@google.es,FEMALE,894-399-9213,14/08/2007
Paton,Boucher,pboucher70@flickr.com,MALE,822-353-5998,21/08/1967
Selina,Bonevant,sbonevant71@tinypic.com,FEMALE,969-952-9592,02/07/2007
Ted,Passfield,tpassfield72@nsw.gov.au,FEMALE,,11/06/1994
Kylie,Toupe,ktoupe73@stumbleupon.com,MALE,286-715-0140,29/01/2002
Wrennie,Elstob,welstob74@apache.org,FEMALE,596-404-5988,16/05/1988
Josie,Birdwistle,jbirdwistle75@upenn.edu,FEMALE,555-508-6093,14/02/1991
Karine,Portsmouth,kportsmouth76@sun.com,FEMALE,497-451-9989,11/10/1982
Nomi,Hustler,nhustler77@nbcnews.com,FEMALE,,13/06/1962
Hunter,Barnfield,hbarnfield78@boston.com,MALE,885-800-2594,19/02/1974
Debby,Wattinham,dwattinham79@telegraph.co.uk,FEMALE,851-815-8138,12/04/1982
Levon,Mattersley,lmattersley7a@columbia.edu,MALE,462-106-2682,13/03/2007
Saul,Donaldson,sdonaldson7b@redcross.org,MALE,401-546-9677,17/04/1976
Townsend,Harsnipe,tharsnipe7c@surveymonkey.com,MALE,,02/11/2004
Deonne,Sarath,dsarath7d@fastcompany.com,FEMALE,958-296-1435,30/04/1993
Tammy,Fifoot,tfifoot7e@utexas.edu,MALE,564-902-5537,17/08/2003
Evy,Newitt,enewitt7f@businessweek.com,FEMALE,,07/02/1986
Cesar,Simeoni,csimeoni7g@newsvine.com,MALE,999-926-2310,22/03/1996
Doretta,Reboulet,dreboulet7h@house.gov,FEMALE,,06/04/1979
Ulises,Pither,upither7i@businessweek.com,MALE,,08/08/1971
Melvin,Skeath,mskeath7j@ucoz.ru,MALE,809-647-5545,10/02/1964
Dalston,Pohlak,dpohlak7k@disqus.com,MALE,880-565-4439,09/07/1992
Violetta,Mateev,vmateev7l@hhs.gov,FEMALE,639-126-4246,06/12/1976
Emlynn,Friedenbach,efriedenbach7m@adobe.com,FEMALE,,06/04/1988
Torrey,Woodall,twoodall7n@seesaa.net,MALE,877-241-3841,26/12/2003
Wilmette,de Almeida,wdealmeida7o@usda.gov,FEMALE,788-156-2243,05/02/1997
Anastasie,Surpliss,asurpliss7p@t.co,FEMALE,690-138-5233,16/09/1972
Jillana,Costellow,jcostellow7q@github.io,FEMALE,,06/12/1990
Dorelia,Bouchier,dbouchier7r@pcworld.com,FEMALE,849-706-8712,06/08/1971
Ursa,Taleworth,utaleworth7s@psu.edu,FEMALE,853-470-6329,17/03/1990
Holly,Hainey,hhainey7t@simplemachines.org,MALE,,07/02/1977
Sigismund,Suart,ssuart7u@infoseek.co.jp,MALE,,05/07/1965
Dorree,Pinshon,dpinshon7v@boston.com,FEMALE,437-768-8103,03/10/1986
Norbert,Sailor,nsailor7w@freewebs.com,MALE,968-762-4192,29/11/1984
Junette,Hrus,jhrus7x@ca.gov,FEMALE,690-400-8104,20/05/2006
Ugo,Tresise,utresise7y@nytimes.com,MALE,254-774-4012,03/11/1997
Frank,Guerreiro,fguerreiro7z@flickr.com,FEMALE,,08/04/2006
Leona,Hagergham,lhagergham80@whitehouse.gov,FEMALE,313-587-7123,22/01/1991
Cordelia,Matic,cmatic81@skyrock.com,FEMALE,,25/10/1977
Rey,Liddon,rliddon82@google.com.br,MALE,516-826-7839,25/10/1961
Orsola,Trayes,otrayes83@comsenz.com,FEMALE,448-102-1970,03/05/1982
Ulrikaumeko,Ruckert,uruckert84@yale.edu,FEMALE,952-863-9367,15/01/1990
Vergil,Boissieux,vboissieux85@cam.ac.uk,MALE,,24/02/2005
Andres,Liddle,aliddle86@sun.com,MALE,,29/03/2007
Cy,Kittless,ckittless87@cocolog-nifty.com,MALE,375-162-6545,13/02/2007
Lucy,Zarfai,lzarfai88@cocolog-nifty.com,FEMALE,,30/03/1982
Krissy,Delouch,kdelouch89@about.me,FEMALE,447-224-7586,13/10/1990
Mariam,Mynett,mmynett8a@webs.com,FEMALE,194-670-0196,24/05/1987
Janeczka,Hewlings,jhewlings8b@lycos.com,FEMALE,,23/05/1989
Eda,Van den Dael,evandendael8c@loc.gov,FEMALE,920-771-2399,05/11/1985
Demetre,Keizman,dkeizman8d@sbwire.com,MALE,,01/10/1974
Wadsworth,Stygall,wstygall8e@msu.edu,MALE,848-911-7796,15/06/1995
Culley,Teall,cteall8f@github.com,MALE,455-863-8575,24/03/1976
Constantin,Leeb,cleeb8g@blogspot.com,MALE,303-666-6859,09/03/1968
Adria,Eberts,aeberts8h@earthlink.net,FEMALE,,08/11/1964
Gilles,Meiner,gmeiner8i@simplemachines.org,MALE,363-173-9746,09/07/1985
Luise,Robertet,lrobertet8j@lulu.com,FEMALE,,02/04/1975
Lorena,Meacher,lmeacher8k@mail.ru,FEMALE,,08/01/1962
Bowie,Busfield,bbusfield8l@irs.gov,MALE,515-422-3176,09/10/2008
Natale,Kobelt,nkobelt8m@virginia.edu,MALE,186-434-0415,22/03/1995
Dedie,Severwright,dseverwright8n@fema.gov,FEMALE,235-225-4029,28/02/1961
Stacia,Panichelli,spanichelli8o@berkeley.edu,FEMALE,402-373-8877,09/12/1994
Joanie,Cordero,jcordero8p@cnn.com,FEMALE,440-711-5286,22/02/1977
Raquela,Fiddler,rfiddler8q@printfriendly.com,FEMALE,484-995-3745,11/03/1984
Josie,Brockie,jbrockie8r@dailymotion.com,FEMALE,350-839-5894,10/06/1974
Liane,Surcomb,lsurcomb8s@skyrock.com,FEMALE,,12/05/2001
Salvador,Le Houx,slehoux8t@hhs.gov,MALE,497-259-0064,02/03/1966
Shandee,O'Hickee,sohickee8u@epa.gov,FEMALE,530-426-3513,30/11/1989
Sheilakathryn,Chart,schart8v@walmart.com,FEMALE,707-393-8003,16/04/1970
Eli,Ansty,eansty8w@usa.gov,MALE,206-879-5458,15/10/1960
Brant,Gerardi,bgerardiar#hud.gov,MALE,,13/05/1986
Charmine,Pleasaunce,cpleasaunceas#jugem.jp,FEMALE,688-938-1683,25/03/1964
Lona,Walkington,lwalkingtonat#mit.edu,FEMALE,432-785-9609,02/05/1963
Arlyne,Battershall,abattershallau#usa.gov,FEMALE,418-844-9509,25/09/1966
Alecia,Hyams,ahyamsav#prnewswire.com,FEMALE,727-147-2735,08/12/2006
Bar,Hatterslay,bhatterslayaw#paypal.com,MALE,563-558-0347,25/03/1967
Shel,Cann,scannax#about.me,FEMALE,540-616-1431,03/05/2004
Tammie,Branwhite,tbranwhiteay#spiegel.de,MALE,393-243-9175,23/04/2009
Cairistiona,Gurko,cgurkoaz#blog.com,FEMALE,456-175-8138,27/12/1973
Wyatan,MacBrearty,wmacbreartyb0#marketwatch.com,MALE,,15/08/1980
Dionisio,Bloore,dblooreb1#merriam-webster.com,MALE,573-765-4852,28/11/1999
Jobi,Worboy,jworboyb2#nifty.com,FEMALE,486-954-8214,05/04/1983
Jerrylee,Trase,jtraseb3#umich.edu,FEMALE,916-818-2676,15/05/1963
Ode,Spurway,ospurway2#blogspot.com,MALE,459-338-6205,25/12/2004
Rubina,Wickes,rwickes3#yolasite.com,FEMALE,139-995-7375,17/02/2000
Joshuah,Boylan,jboylan4#goo.ne.jp,MALE,143-860-2757,23/07/2009
Margaux,Ruckledge,mruckledge8x@alexa.com,FEMALE,233-446-7969,29/04/1982
Rosette,Christofe,rchristofe8y@cornell.edu,FEMALE,826-134-1317,11/10/1988
Uriah,Greson,ugreson8z@i2i.jp,MALE,,11/12/1968
Minette,Mularkey,mmularkey9p@newsvine.com,FEMALE,387-991-8840,20/06/1978
Melonie,Gierke,mgierke9q@geocities.com,FEMALE,,20/05/1961
Evania,Alliott,ealliott9r@umich.edu,FEMALE,565-816-2462,27/09/2006
Reinhard,Cecchetelli,rcecchetelli9s@skype.com,MALE,639-574-8507,03/12/1992
Dave,Bantick,dbantick9t@time.com,MALE,434-448-8739,15/09/1982
Constancy,Mabbett,cmabbett9u@epa.gov,FEMALE,370-582-1284,18/06/1960
Jamey,Redley,jredley9v@360.cn,MALE,,01/04/1990
Giralda,Pinhorn,gpinhorn9w@smugmug.com,FEMALE,710-898-8077,17/11/1988
Urbano,Gramer,ugramer9x@umich.edu,MALE,961-104-5482,10/04/2003
West,Vasquez,wvasquez9y@blogger.com,MALE,,25/03/1990
Rozalie,Olerenshaw,rolerenshaw9z@hostgator.com,FEMALE,680-715-4161,09/03/1968
Cicily,Zute,czutea0@sfgate.com,FEMALE,769-401-1808,11/04/1961
Thurston,Abbado,tabbadoa1@wix.com,MALE,,07/02/2009
Nevile,Bleas,nbleasa2@reverbnation.com,MALE,925-629-1001,13/01/2003
Evelina,Bard,ebarda3@mac.com,FEMALE,770-519-8892,11/06/1999
Raynell,Hovard,rhovarda4#hexun.com,FEMALE,,01/04/1983
Kennan,Klemt,kklemta5#redcross.org,MALE,296-950-3163,29/12/1972
Hagan,Flaxman,hflaxmana6#pinterest.com,MALE,806-465-4210,01/05/1986
Felipa,Caghy,fcaghya7#economist.com,FEMALE,842-288-2839,29/10/1991
Ranee,Fairlie,rfairliea8#opera.com,FEMALE,,14/04/1979
Ivie,Chooter,ichootera9#simplemachines.org,FEMALE,277-321-2789,08/07/1998
Hyacinthia,Saiger,hsaiger92@unicef.org,FEMALE,,16/01/1970
Kale,Tomasicchio,ktomasicchio93@google.co.jp,MALE,729-725-0709,24/12/1987
Sonnie,Loughlin,sloughlin94@ocn.ne.jp,FEMALE,,28/05/2003
Renie,Klammt,rklammt95@chicagotribune.com,FEMALE,335-393-8952,12/11/1963
Celene,Smiths,csmithsaa#wikimedia.org,FEMALE,483-928-8856,23/04/1976
Wayland,Paddick,wpaddickab#statcounter.com,MALE,433-392-5289,20/04/1988
Kessia,Muckle,kmuckleac#ocn.ne.jp,FEMALE,612-236-9882,11/09/1962
Carlos,Mayou,cmayouad#howstuffworks.com,MALE,198-394-9869,20/10/1996
Darryl,Cheake,dcheakeae#yellowpages.com,MALE,,12/06/2007
Kalila,Bygrove,kbygroveaf#twitpic.com,FEMALE,321-899-9815,01/09/1991
Flory,Dictus,fdictusag#zimbio.com,FEMALE,808-246-2339,03/06/1970
Horatius,Ricart,hricartah#dell.com,MALE,,27/10/1967
Jenine,Rigts,jrigtsai#linkedin.com,FEMALE,,24/05/1991
Dulcea,Whotton,dwhottonaj#cdc.gov,FEMALE,,09/11/1988
Sidney,Wakerley,swakerleyak#google.fr,MALE,,09/05/2005
Zared,Lopes,zlopesal#earthlink.net,MALE,899-419-6241,06/09/1989
Geordie,Jakel,gjakelam#earthlink.net,MALE,,04/03/1983
Bertina,Vella,bvellaan#sphinn.com,FEMALE,735-197-6621,22/12/1962
Toddy,Fronek,tfronekao#trellian.com,MALE,768-609-5196,07/03/1984
Addie,Dymoke,adymoke9f@mlb.com,FEMALE,425-529-6972,06/07/1977
Ferdinand,Meynell,fmeynell9g@apache.org,MALE,,10/10/1966
Portia,Antonognoli,pantonognoli9h@yale.edu,FEMALE,667-304-0331,09/06/1983
Susie,Tarbert,starbert90@miibeian.gov.cn,FEMALE,668-579-8557,24/01/1978
Frans,Stallybrass,fstallybrass91@gov.uk,MALE,466-654-3616,10/08/1981
Darda,Gertz,dgertz96@mail.ru,FEMALE,,14/09/1966
Torey,Gribbin,tgribbin9n@google.de,MALE,867-568-2705,09/03/1971
Tait,Boxill,tboxill9o@epa.gov,MALE,704-446-4119,31/01/2000
Karlotte,Huske,khuske9i@addthis.com,FEMALE,112-927-3121,05/07/1989
Kathie,Cardow,kcardow9j@msn.com,FEMALE,166-923-2981,25/03/1965
Reinald,Flageul,rflageulap#skyrock.com,MALE,566-170-3656,28/08/1967
Jeramie,Orred,jorredaq#example.com,MALE,983-939-8696,25/12/2001
Deborah,Plunket,dplunket5@theguardian.com,FEMALE,867-238-5987,12/05/1979
Stefanie,Paintain,spaintain6@bloomberg.com,FEMALE,521-801-0797,26/03/1996
Noemi,London,nlondon97@ucsd.edu,FEMALE,665-373-0941,10/04/1989
Parsifal,Dumbrill,pdumbrill98@columbia.edu,MALE,469-863-9003,17/07/2003
Jamill,Bowlands,jbowlands99@alexa.com,MALE,171-664-7775,13/07/1961
Rebekah,Plenderleith,rplenderleith9a@last.fm,FEMALE,587-429-7935,30/09/2004
Weidar,Noon,wnoon9b@narod.ru,MALE,303-584-9295,19/05/1973
Delmer,Caldera,dcaldera9c@gravatar.com,MALE,,05/08/1983
Tina,Gladwell,tgladwell9d@army.mil,FEMALE,448-338-6807,26/11/2004
Inglis,Selkirk,iselkirk9e@flavors.me,MALE,338-164-1581,25/05/1994
Addie,Dymoke,adymoke9f@mlb.com,FEMALE,425-529-6972,06/07/1977
Ferdinand,Meynell,fmeynell9g@apache.org,MALE,,10/10/1966
Portia,Antonognoli,pantonognoli9h@yale.edu,FEMALE,667-304-0331,09/06/1983
Karlotte,Huske,khuske9i@addthis.com,FEMALE,112-927-3121,05/07/1989
Kathie,Cardow,kcardow9j@msn.com,FEMALE,166-923-2981,25/03/1965
Douglas,Gaskins,dgaskins9k@pinterest.com,MALE,376-693-0695,07/08/2003
Carleen,Houchin,chouchin9l@washington.edu,FEMALE,,29/07/1981
Auguste,Vidineev,avidineev9m@epa.gov,FEMALE,,22/12/2000
Geordie,Jakel,gjakelam@earthlink.net,MALE,,04/03/1983
Bertina,Vella,bvellaan@sphinn.com,FEMALE,735-197-6621,22/12/1962
Toddy,Fronek,tfronekao@trellian.com,MALE,768-609-5196,07/03/1984
Reinald,Flageul,rflageulap@skyrock.com,MALE,566-170-3656,28/08/1967
Jeramie,Orred,jorredaq@example.com,MALE,983-939-8696,25/12/2001
Brant,Gerardi,bgerardiar@hud.gov,MALE,,13/05/1986
Charmine,Pleasaunce,cpleasaunceas@jugem.jp,FEMALE,688-938-1683,25/03/1964
Marylee,Darlington,mdarlington68@a8.net,FEMALE,392-949-4665,25/08/2007
Ive,MacBarron,imacbarron69@amazonaws.com,MALE,983-512-0118,23/10/1991
Lyndy,Cino,lcino6a@state.gov,FEMALE,847-991-0244,13/06/2004
Sari,Meineken,smeineken6b@php.net,FEMALE,,16/02/1996
Annelise,Rowley,arowley6c@shareasale.com,FEMALE,,23/05/1986
Giacopo,Rubinsky,grubinsky6d@ca.gov,MALE,249-645-5284,11/03/2007
Inger,Rushmer,irushmer6e@fc2.com,FEMALE,759-200-0557,14/10/1967
Carin,Coronado,ccoronado6f@cyberchimps.com,FEMALE,,25/06/1997
Shelby,Kwiek,skwiek6g@gov.uk,MALE,507-808-9828,21/02/2002
Parke,Wiper,pwiper6h@comcast.net,MALE,694-173-8464,12/08/1961
Janaye,Stentiford,jstentiford6i@nps.gov,FEMALE,650-123-8257,11/05/1971
Brett,Sibbering,bsibbering6j@photobucket.com,MALE,727-265-8223,01/07/1968
Kalindi,Sansam,ksansam6k@tinypic.com,FEMALE,759-452-8183,04/04/1988
Erv,Dowsey,edowsey6l@cbsnews.com,MALE,397-274-2968,31/10/1969
Monroe,Snasel,msnasel6m@hao123.com,MALE,,26/05/1971
Kristal,Kenzie,kkenzie6n@webmd.com,FEMALE,741-194-7819,24/10/1978
Augustine,Kelston,akelston6o@hhs.gov,FEMALE,314-657-7758,14/07/2006
Koren,Fiddymont,kfiddymont6p@plala.or.jp,FEMALE,,25/05/2000
Nance,Coronas,ncoronas6q@shop-pro.jp,FEMALE,432-580-1327,16/01/1979
Christoffer,Sunnucks,csunnucks6r@taobao.com,MALE,966-996-5127,18/07/1986
Weidar,Noon,wnoon9b@narod.ru,MALE,303-584-9295,19/05/1973
Jerome,Avramovsky,javramovsky54@drupal.org,MALE,476-227-2006,13/08/1998
Maggi,Merlin,mmerlin55@usa.gov,FEMALE,313-615-4921,25/10/1980
Zondra,Tongs,ztongs56@icq.com,FEMALE,634-341-8082,17/06/1966
Averell,Conley,aconley5e@japanpost.jp,MALE,,13/07/1961
Quint,Elderbrant,qelderbrant5f@netlog.com,MALE,,02/04/1979
Delmer,Caldera,dcaldera9c@gravatar.com,MALE,,05/08/1983
Tina,Gladwell,tgladwell9d@army.mil,FEMALE,448-338-6807,26/11/2004
Inglis,Selkirk,iselkirk9e@flavors.me,MALE,338-164-1581,25/05/1994
Douglas,Gaskins,dgaskins9k@pinterest.com,MALE,376-693-0695,07/08/2003
Carleen,Houchin,chouchin9l@washington.edu,FEMALE,,29/07/1981
Auguste,Vidineev,avidineev9m@epa.gov,FEMALE,,22/12/2000
Torey,Gribbin,tgribbin9n@google.de,MALE,867-568-2705,09/03/1971
Tait,Boxill,tboxill9o@epa.gov,MALE,704-446-4119,31/01/2000
Blaire,Wortman,bwortman0@seesaa.net,FEMALE,118-193-2212,18/10/1993
Viviana,Kubis,vkubis1@godaddy.com,FEMALE,401-965-3153,08/09/1974
Jenilee,Bunnell,jbunnell4v@blogspot.com,FEMALE,,24/02/1997
Eal,Bridgwater,ebridgwater4w@angelfire.com,MALE,804-454-2896,28/01/1974
Cristobal,Worland,cworland4x@earthlink.net,MALE,457-448-2459,10/08/2000
Kinna,Henner,khenner4y@techcrunch.com,FEMALE,533-397-4729,08/03/2002
Jami,Heeps,jheeps4z@census.gov,FEMALE,,14/04/2009
Jameson,Helks,jhelks50@indiatimes.com,MALE,446-464-3118,10/09/1985
Brose,Crocetti,bcrocetti51@reddit.com,MALE,203-758-8998,28/04/1960
Moe,Crust,mcrust52@hibu.com,MALE,637-652-3263,11/03/1987
Florella,Heazel,fheazel5q@geocities.com,FEMALE,,13/01/1969
Adams,Etock,aetock5r@virginia.edu,MALE,418-872-3471,11/01/2000
Morissa,Bramsen,mbramsen5s@usda.gov,FEMALE,798-348-6038,12/09/1965
Sari,Meineken,smeineken6b@php.net,FEMALE,,16/02/1996
Annelise,Rowley,arowley6c@shareasale.com,FEMALE,,23/05/1986
Giacopo,Rubinsky,grubinsky6d@ca.gov,MALE,249-645-5284,11/03/2007
Inger,Rushmer,irushmer6e@fc2.com,FEMALE,759-200-0557,14/10/1967
Carin,Coronado,ccoronado6f@cyberchimps.com,FEMALE,,25/06/1997
Shelby,Kwiek,skwiek6g@gov.uk,MALE,507-808-9828,21/02/2002
Parke,Wiper,pwiper6h@comcast.net,MALE,694-173-8464,12/08/1961
Janaye,Stentiford,jstentiford6i@nps.gov,FEMALE,650-123-8257,11/05/1971
Brett,Sibbering,bsibbering6j@photobucket.com,MALE,727-265-8223,01/07/1968
Kalindi,Sansam,ksansam6k@tinypic.com,FEMALE,759-452-8183,04/04/1988
Erv,Dowsey,edowsey6l@cbsnews.com,MALE,397-274-2968,31/10/1969
Monroe,Snasel,msnasel6m@hao123.com,MALE,,26/05/1971
Ari,Barreau,abarreau57@goo.ne.jp,MALE,634-679-1665,02/03/1976
Dill,McAusland,dmcausland58@printfriendly.com,MALE,754-657-0687,03/01/2003
Puff,Ickovic,pickovic59@webnode.com,MALE,347-179-4995,04/04/1963
Willem,Ranklin,wranklin5g@dmoz.org,MALE,537-895-1186,07/04/1962
Florina,McTerrelly,fmcterrelly5h@mapquest.com,FEMALE,,29/06/1963
Verna,Duplan,vduplan5i@surveymonkey.com,FEMALE,170-230-3025,28/01/1999
Fancie,St Ange,fstange5j@moonfruit.com,FEMALE,,12/12/2007
Titos,Beet,tbeet5k@issuu.com,MALE,829-136-3425,10/02/1961
Lancelot,David,ldavid5l@psu.edu,MALE,894-679-4699,19/03/1966
Northrup,MacElholm,nmacelholm5m@stumbleupon.com,MALE,,25/03/1960
Natalya,Tussaine,ntussaine5n@cbslocal.com,FEMALE,843-459-0135,16/08/1970
Jazmin,Tuerena,jtuerena5o@zdnet.com,FEMALE,654-964-4643,10/01/1988
Aldo,Le Marchant,alemarchant5p@fda.gov,MALE,558-350-3492,06/05/1981
Augustine,Kelston,akelston6o@hhs.gov,FEMALE,314-657-7758,14/07/2006
Koren,Fiddymont,kfiddymont6p@plala.or.jp,FEMALE,,25/05/2000
Evanne,Poplee,epoplee5a@webeden.co.uk,FEMALE,432-780-8594,22/06/2001
Junette,Hrus,jhrus7x@ca.gov,FEMALE,690-400-8104,20/05/2006
Ugo,Tresise,utresise7y@nytimes.com,MALE,254-774-4012,03/11/1997
Frank,Guerreiro,fguerreiro7z@flickr.com,FEMALE,,08/04/2006
Leona,Hagergham,lhagergham80@whitehouse.gov,FEMALE,313-587-7123,22/01/1991
Edeline,Cammis,ecammis5c@skype.com,FEMALE,259-615-6280,25/07/1962
Mason,Fernandes,mfernandes5d@biglobe.ne.jp,MALE,426-506-7930,12/11/1985
Kristal,Kenzie,kkenzie6n@webmd.com,FEMALE,741-194-7819,24/10/1978
Anstice,Peron,aperon53@cafepress.com,FEMALE,624-200-6992,04/02/1978